{
  "model_type": "RandomForest",
  "accuracy": 1.0,
  "total_reviews": 3,
  "suspicious_reviews": 1,
  "genuine_reviews": 2,
  "top_features": [
    [
      "amazing",
      0.1442786069651741
    ],
    [
      "avg_word_length",
      0.12437810945273632
    ],
    [
      "char_length",
      0.12437810945273631
    ],
    [
      "979da9fa",
      0.0845771144278607
    ],
    [
      "superlative_count",
      0.07462686567164178
    ],
    [
      "experience",
      0.07462686567164178
    ],
    [
      "excellent",
      0.05970149253731343
    ],
    [
      "boot",
      0.05472636815920398
    ],
    [
      "awesome",
      0.04477611940298507
    ],
    [
      "perfect",
      0.04477611940298507
    ],
    [
      "text_length",
      0.04477611940298507
    ],
    [
      "caps_ratio",
      0.03980099502487562
    ],
    [
      "book",
      0.029850746268656716
    ],
    [
      "great",
      0.029850746268656716
    ],
    [
      "read",
      0.01990049751243781
    ]
  ],
  "top_words_in_genuine": [
    [
      "great",
      1
    ],
    [
      "boot",
      1
    ],
    [
      "awesome",
      1
    ],
    [
      "read",
      1
    ],
    [
      "book",
      1
    ],
    [
      "series",
      1
    ],
    [
      "excellent",
      1
    ]
  ],
  "flagged_as_suspicious": 1,
  "flagged_as_genuine": 2
}